Depth,Probabilistic,Alpha-Beta Pruning,Player 1 Wins,Player 2 Wins,Draws,Execution Time (s)
3,True,True,1,2,2,0.8827660083770752
3,True,False,3,1,1,1.5466082096099854
3,False,True,0,0,5,1.160616159439087
3,False,False,0,5,0,1.5165162086486816
5,True,True,0,0,5,2.2540719509124756
5,True,False,1,4,0,7.660405874252319
5,False,True,0,0,5,1.182891845703125
5,False,False,0,5,0,8.918708086013794
